product_title,price,image_link,product_details
Rokua Skincare Lahjapakkaus Parta," €49,00",//cdn.shopify.com/s/files/1/0269/0029/9824/products/Rokua_Skincare_Lahjapakkaus_Parta_6430074180447_LR_100x.jpg?v=1669116602,Kaikille parrakkaille päivittäiseen käyttöön sopiva tuotesetti. Suomalaista luonnonkosmetiikkaa miehille.
Rimita Green Alumiiniton Deodorantti Metsä 50 ml," €11,90",//cdn.shopify.com/s/files/1/0269/0029/9824/products/Rimita_Deo_Metsa_100x.jpg?v=1669116593,"Huokaise syvään, sillä aidosti toimivan luomudeodorantin metsästys on nyt päättynyt. Luottodeodoranttisi on tässä, ole hyvä!"
Je Joue Mio Cock Ring Penisrengas," €99,90",//cdn.shopify.com/s/files/1/0269/0029/9824/products/Je-Joue-Mio-Cock-Ring-Black-LR_100x.jpg?v=1668164931,"Je Jouen Mio on väline, joka tuo teidät samaan hetkeen; se stimuloi klitorista yhdynnän aikana, mikä helpottaa fyysisesti orgasmin saamista sekä pidentää peniksen erektiota pidempään ja saa sen vaikuttamaan kookkaammalta. Kun haluatte tulla kumpikin puoliväliin vastaan, on valintana Mio. "
Zuii Organic asteittain itseruskettava vartalovoide - täyttöpakkaus LIMITED EDITION," €36,90",//cdn.shopify.com/s/files/1/0269/0029/9824/products/Zuii-Organic-Gradual-Tan-Body-Lotion-250-ml-Refill-Bag_100x.jpg?v=1662215328,"Zuii Organic Flora Gradual Tan vartalovoide antaa asteittaisen päivetyksen ja säteilevän hohteen ihollesi. Uniikki yhdistelmä luomu bambumehua, raakakaakaota, shea voita ja auringonkukkaöljyä jättää ihon luonnollisen kosteutetuksi. Tuoksuu kevyesti sitruksisen raikkaalle vaniljalle ja bergamotille."
Laponie of Scandinavia Oil Cleanser Puhdistusöljy," €36,00",//cdn.shopify.com/s/files/1/0269/0029/9824/products/oil_cleanser_syva-FINAL-1_100x.png?v=1661064129,"Erittäin ravitseva ja hellävarainen puhdistusöljy sisältää todella kohtuullisesti ainesosia, jonka vuoksi tämä puhdistusöljy on mitä mainioin valinta herkälle ja ongelmaiholle, sillä se ei häiritse ihon suojakerrosta ja puhdistaa ihon pieteetillä meikeistä ja päivän aikana kertyneestä liasta. Tämä puhdistusöljy on myös ihanan lempeä heille jotka nauttivat ihon puhdistamisesta myös aamuisin. Iholle ei jää laisinkaan öljyistä vibaa, ainoastaan puhdas pehmeys.  "
Bioearth Family nestemäinen käsisaippua Aloe Vera," €7,00",//cdn.shopify.com/s/files/1/0269/0029/9824/products/BioEarth-Family-Hand-Soap-Aloe-Vera-500ml-8029182011415-LR_700x_9a303e2d-5a02-4b28-acf9-f12dfe52743c_100x.webp?v=1660038073,"Bioearth Family Nestemäinen käsisaippua Aloe Vera on kevyesti tuoksuva nestemäinen käsisaippua koko perheelle. Miellyttävän raikkaan tuoksuinen saippua sisältää aloe vera mehua ja hellävaraisia peseviä ainesosia, jotka sopivat päivittäiseen käyttöön. Jättää ihon puhtaaksi, pehmeäksi ja kosteutetuksi."
Bioearth Family nestemäinen käsisaippua Argumato Citrus," €10,90",//cdn.shopify.com/s/files/1/0269/0029/9824/products/BioEarth-Family-Hand-Soap-Citrus-500ml-8029182011408-LR_700x_207f10f1-277b-4fc2-928a-d24b91e48555_100x.webp?v=1660037873,"Bioearth Family Nestemäinen käsisaippua Citrus on sitruksen tuoksuinen nestemäinen käsisaippua kaikille, jotka rakastavat raikasta tuoksua. Sitruunan ja appelsiinin eteeriset öljyt tuovat miellyttävän puhtaan pirteän tuoksun. Nestesaippua sisältää hellävaraisia ainesosia, jotka sopivat päivittäiseen käyttöön ja iho jää pehmeäksi. "
Bioearth Family shampoo & suihkugeeli Agrumato Citrus," €10,90",//cdn.shopify.com/s/files/1/0269/0029/9824/products/BioEarth-Family-Shower-Shampoo-Citrus-500ml-8029182006862-LR_700x_133fc2d7-4c6b-4d5e-8368-d1722d43522b_100x.webp?v=1660037586,"Bioearth Family Shampoo & Suihkugeeli Citrus on miellyttävä shampoo & suihkugeeli koko perheelle. Raikas sitruksinen tuoksu. Puhdistaa ihon hellävaraisesti luonnollisten raaka-aineiden ansiosta. Iho jää raikkaaksi, pehmeäksi ja kosteutetuksi."
Bioearth Family shampoo & suihkugeeli Fruttato Fruit," €10,90",//cdn.shopify.com/s/files/1/0269/0029/9824/products/BioEarth-Family-Shower-Shampoo-Fruit-500ml-8029182006879-LR_700x_46d137a6-448e-4548-a53f-86b38f06ae63_100x.webp?v=1660037201,"Bioearth Family Shampoo & Suihkugeeli Fruit puhdistaa ihon hellävaraisesti luonnollisten raaka-aineiden ansiosta. Iho jää raikkaaksi, pehmeäksi ja kosteutetuksi. "
Bioearth Family shampoo & suihkugeeli Tea Tree," €10,90",//cdn.shopify.com/s/files/1/0269/0029/9824/products/BioEarth-Family-Shower-Shampoo-Tea-Tree-Oil-500ml-8029182006909-LR_700x_f40431f2-febc-4dff-989e-dedbd8b906e3_100x.webp?v=1660037033,"Bioearth Family Shampoo & Suihkugeeli Tea Tree puhdistaa ihon hellävaraisesti luonnollisten raaka-aineiden ansiosta. Iho jää raikkaaksi, pehmeäksi ja kosteutetuksi."
Fiini Naturally Ruususheavoi 50 ml," €19,90",//cdn.shopify.com/s/files/1/0269/0029/9824/products/Fiini-Naturally-Ruususheavoi-50-ml_100x.jpg?v=1643791253,"Ihana ruusuinen sheavoi, joka on valmistettu puhdistamattomasta, vispatusta luomusheavoista.Täyteläinen kosteuttava voide, joka sopii niin kasvoille kuin vartalollekin.Ruusunmarjaöljy auttaa ihosoluja uusiutumaan sekä hidastaa ryppyjen syntymistä. Se lisää ihon kimmoisuutta ja soveltuu myös arpien hoitoon. Ruusunmarjaöljyn anti-aging-vaikutus johtuu öljyn antioksidanttipitoisuudesta ja öljyn kyvystä imeytyä syvälle ihoon. C-vitamiini stimuloi kollageenin tuotantoa, mikä auttaa vähentämään juonteita ja ryppyjä. A-vitamiini parantaa ihon kosteustasapainoa, hidastaa ihon vanhenemista, auttaa soluja uusiutumaan, vähentää juonteita sekä ryppyjä ja lisää kollageenin tuotantoa.Ruusuöljy hoitaa herkkää ja kuivaa ihoa. Puhdistaa ja kiinteyttää, tasoittaa ihon väriä ja couperosaa.Sheavoi kosteuttaa, suojaa ja hoitaa ihoa. Mieto, ruusuinen tuoksu ilman lisättyjä hajusteita. Ei sisällä mitään kemikaaleja, ainoastaan luonnon omia raaka-aineita.Tuote on valmistettu puhdistamattomasta sheavoista, jossa on kaikki sheavoin hoitavat ominaisuudet tallella. Sheavoitamme ei ole missään vaiheessa altistettu kemiallisille käsittelyille. Voiteessa on jäljellä käsittelemättömän sheavoin mieto ominaistuoksu. Valkoisen värinsä se saa vispauksen seurauksena."
Fiini Naturally Pihkapuikko 5 ml," €9,90",//cdn.shopify.com/s/files/1/0269/0029/9824/products/Fiini-Naturally-Pihkapuikko-5-ml_100x.jpg?v=1643791130,"Pihkaa on käytetty Suomessakin jo satojen vuosien ajan haavojen ja ihon hoitoon. Kuusen pihka on tutkitusti antibakteerinen ja anti-inflammatorinen luonnontuote. Käyttämämme suomalainen kuusenpihka edistää haavojen parantumista samalla estäen haitallisten bakteerien kasvua.Pihkavoiteessamme on vahva pihkapitoisuus; sisältää n.30% pihkaa. Luomulaatuinen kylmäpuristettu rypsiöljy sisältää paljon E-vitamiinia ja ubikinonia, jotka ovat tärkeitä solujen uudistumiselle ja solujen energiatuotannolle. Mehiläisvaha kosteuttaa, pehmentää, rauhoittaa ja suojaa ihoa."
ROKUA Beard Brush," €24,90",//cdn.shopify.com/s/files/1/0269/0029/9824/products/ROKUA-Skincare-Beard-Brush_100x.jpg?v=1643701189,ROKUA SKINCARE PARTAHARJA on valmistettu pyökkipuusta ja Tampicon kasvikuidun harjaksista. Harja on pyöreä ja istuu mukavasti käteen. Kasvipohjaiset harjakset tuntuvat miellyttävältä ihoa vasten. Partaharja suoristaa partasi helposti repimättä karvoja ja kuorii parran alla olevan ihoa. Vegaaninen.
ROKUA Face Toner," €34,00",//cdn.shopify.com/s/files/1/0269/0029/9824/products/ROKUA-Face-Toner_100x.jpg?v=1643701103,"ROKUA FACE TONER kasvovesi, jonka luonnolliset ainesosat kosteuttaa ja hoitaa ihoasi. Mustaherukkauute sisältää runsaasti hyödyllisiä antioksidantteja ja rauhoittaa ihoa. Glyseriini suojaa ihoa ja ksylitoli nostaa ihon kosteustasoa ja vahvistaa ihon suojakerrosta. Sokerijuurikkaan betaiini kosteuttaa ihoa tehokkaasti."
ROKUA Skincare Hydrating Face Gel," €44,00",//cdn.shopify.com/s/files/1/0269/0029/9824/products/ROKUA-Skincare-Hydrating-Face-Gel_100x.jpg?v=1643700995,"ROKUA HYDRATING FACE GEL on kevyt ja nopeasti imeytyvä kosteusvoide kasvoille. Sen sisältämä mustaherukansiemenöljy sisältää runsaasti antioksidantteja, omega-rasvahappoja ja vitamiineja, ja ravitsee ja pehmentää ihoa. Oliivipohjainen skvalaani on erittäin kevyt öljy, joka auttaa lukitsemaan kosteuden iholle. Sokerijuurikkaasta peräisin oleva betaiini kosteuttaa ja hoitaa ihoa."
Djusie Full Bloom Box - kaikki mitä ihosi tarvitsee samassa pakkauksessa," €119,00",//cdn.shopify.com/s/files/1/0269/0029/9824/products/Djusie-Full-Bloom-Box_100x.jpg?v=1641379190,"Tarpeellinen luonnonkosmetiikan tuotepakkaus kaikille, jotka välittävät ihostaan. Tai lähimmäisen ihosta. Tämä on nimittäin mitä parhain luonnonkosmetiikan lahja kenelle tahansa. Tutustut myös itse Djusien ihonhoitotuotteisiin tämän setin kanssa mainiosti. Sen lisäksi saat laadukkaan ja kauniin boksin johonkin uusiokäyttöön. "
Djusie Acid Bloom Balancing Essence -hoitoneste 100 ml," €39,00",//cdn.shopify.com/s/files/1/0269/0029/9824/products/Djusie-Acid-Bloom-Balancing-Essence-100-ml_100x.jpg?v=1641377932,"Ihosi nauttii päivittäisestä annoksesta Djusien hoitonestettä, koska se kirkastaa ja kosteuttaa ihoasi."
Djusie Fruit Glaze Vitalizing & Brightening Facial Oil -kasvoöljy 30 ml," €49,00",//cdn.shopify.com/s/files/1/0269/0029/9824/products/Djusie-Fruit-Glaze-Vuoden-Parhaat-LR_100x.jpg?v=1669366118,"Funktionaalinen kasvoöljy vahvistaa ja tukee ihon omaa suojabarriääriä tehokkaasti. Kasvoöljy tuntuu ihanalta ja imeytyy ihollesi nopeasti. Saat kimmoisan, kimmoisan ja kirkkaamman ihon. Mehukas Fruit Glaze-kasvoöljy on uudistava, ravitseva ja suojaa ihoasi hyvin. Voit käyttää kasvoöljyä myös meikin alla, jos niin haluat."
Djusie Liquid Silk Perfect Cleansing Oil -puhdistusöljy 100 ml," €35,00",//cdn.shopify.com/s/files/1/0269/0029/9824/products/Djusie-Liquid-Silk-Anna-Vuoden-Parhaat-2022-LR_100x.jpg?v=1670237253,"Jos vastauksesi on kyllä edes kerran, silloin valitse käyttöön Djusien Liquid Silk Perfect -puhdistuöljy. Puhdistusöljy on suunniteltu ihanteelliseksi puhdistustuotteeksi sekä funktionalisteille että nautiskelijoille, ihotyyppiin tai ikään katsomatta. "
Ben & Anna Deodorantti Urban Black," €7,90",//cdn.shopify.com/s/files/1/0269/0029/9824/products/Ben-_-Anna-Deodorant-Urban-Black-4260491222237-LR_100x.jpg?v=1638448680,"Ben & Annan raikas yrttinen Urban Black deodorantti ympäristöystävällisessä zero waste kartonkipakkauksessa. Moderni, vahvan tuoksuinen deodorantti setripuun ja tuoreiden yrttien vivahteilla. Raikas, kuin aamuinen kävely metsässä. Luonnollinen soodadeodorantti tuo tehokasta suojaa samalla kosteuttaen kainalon ihoa tehokkaasti. Uusi kermaisempi koostumus liukuu vaivattomasti iholla taaten tasaisen sileän levityksen ja pitkäkestoisen raikkauden tunteen. Zero waste deodorantti antaa pitkäkestoisen ja luonnollisen raikkaan suojan epämiellyttäviä tuoksuja vastaan."
Ben & Anna Deodorantti Persian Lime," €7,90",//cdn.shopify.com/s/files/1/0269/0029/9824/products/Ben-_-Anna-Deodorant-Persian-Lime-4260491222275-LR_100x.jpg?v=1638448610,Ben & Annan ikisuosikki raikas bergamotin ja limen tuoksuinen Persian Lime deodorantti ympäristöystävällisessä zero waste kartonkipakkauksessa. Luonnollinen soodadeodorantti tuo tehokasta suojaa samalla kosteuttaen kainalon ihoa tehokkaasti. Uusi kermaisempi koostumus liukuu vaivattomasti iholla taaten tasaisen sileän levityksen ja pitkäkestoisen raikkauden tunteen. Zero waste deodorantti antaa pitkäkestoisen ja luonnollisen raikkaan suojan epämiellyttäviä tuoksuja vastaan.
Ben & Anna Deodorantti Mint," €7,90",//cdn.shopify.com/s/files/1/0269/0029/9824/products/Ben-_-Anna-Deodorant-Mint-4260491222244-LR_100x.jpg?v=1638448515,Ben & Annan raikas Mint deodorantti ympäristöystävällisessä zero waste kartonkipakkauksessa. Hienovarainen mintun tuoksu tuo viileän raikkaan tunteen iholle. Elegantti unisex tuoksu. Luonnollinen soodadeodorantti tuo tehokasta suojaa samalla kosteuttaen kainalon ihoa tehokkaasti. Uusi kermaisempi koostumus liukuu vaivattomasti iholla taaten tasaisen sileän levityksen ja pitkäkestoisen raikkauden tunteen. Zero waste deodorantti antaa pitkäkestoisen ja luonnollisen raikkaan suojan epämiellyttäviä tuoksuja vastaan.
Ben & Anna Deodorantti Green Fusion," €7,90",//cdn.shopify.com/s/files/1/0269/0029/9824/products/Ben-_-Anna-Deodorant-Green-Fusion-4260491222220-LR_100x.jpg?v=1638447458,"Ben & Annan mausteinen Green Fusion deodorantti ympäristöystävällisessä zero waste kartonkipakkauksessa. Ainutlaatuinen yhdistelmä mausteita, sitrushedelmiä ja vihreää teetä antaa deodorantille sen mielialaa kohottavan tuoksun. Luonnollinen soodadeodorantti tuo tehokasta suojaa samalla kosteuttaen kainalon ihoa tehokkaasti. Uusi kermaisempi koostumus liukuu vaivattomasti iholla taaten tasaisen sileän levityksen ja pitkäkestoisen raikkauden tunteen. Zero waste deodorantti antaa pitkäkestoisen ja luonnollisen raikkaan suojan epämiellyttäviä tuoksuja vasta."
Puhdistamo Ashwagandha-uutejauhe," €19,90",//cdn.shopify.com/s/files/1/0269/0029/9824/products/Puhdistamo-KSM-66-Ashwagandha_100x.jpg?v=1667909687,"Kotimaisen Puhdistamon valmistama ashwagandha on valmistettu uutemuotoon, jolloin saat yrtin lukuisat hyödyt optimaalisena kehosi hyvinvointia edistämään. Uutejauhe on kliinisesti testattu. "
Acorelle EDP Tendre Patchouli Hajuvesi," €43,00",//cdn.shopify.com/s/files/1/0269/0029/9824/products/Acorelle-EDP-Tendre-Patchouli-Parfum-3700343021133-LR_100x.jpg?v=1635498776,"Acorelle Tendre Patchouli parfyymi sisältää yhdistelmän mysteeristä patsulia, vahvoja metsäisiä ja pehmeän sitruksisia tuoksuonuotteja. Patsuli kohottaa itseluottamusta ja astillisuutta. Acorelle on kehittänyt ainutlaatuisen tuoksuterapia konseptin, joka perustuu eteeristen öljyjen tehokkaisiin tunteisiin ja hyvinvointiin vaikuttaviin ominaisuuksiin. Parfyymit valmistetaan HQE- sertifioidussa laboratoriossa Etelä-Ranskan Agenissa. Ainutlaatuiset tuoksuyhdistelmät ovat itsenäisen parfymistin Katell Plissonin käsialaa. Raaka-aineet valitaan tarkoin yhteistyössä Stéphane Piquartin kanssa, joka on erikoistunut parfyymien ympäristöystävällisiin raaka-aineisiin."
Acorelle Royal Wax Hair Removal Kit Karvanpoistosetti," €17,90",//cdn.shopify.com/s/files/1/0269/0029/9824/products/Acorelle-Royal-Wax-Hair-Removal-Kit-3700343041063-LR_100x.jpg?v=1634816904,"Acorelle Royal Wax Hair Removal Kit Karvanpoistosetti sisältää ruostumattoman teräskulhon, jossa Acorelle vahahelmien lämmittäminen onnistuu vaivattomasti. Setti sisältää lisäksi kaksi puuspaattelia vahan tarkkaan levitykseen sekä viivoittimen vahamäärän mittaamiseen. Ammattimainen karvanpoisto täysin jätteettömästi!"
Acorelle Royal Wax Vahahelmet," €35,90",//cdn.shopify.com/s/files/1/0269/0029/9824/products/Acorelle-Royal-Wax-Beads-3700343041049-LR_100x.jpg?v=1634816677,"Acorelle Royal Wax™ vahahelmet on tarkoitettu koko vartalon karvanpoistoon. Ensimmäiset sertifioidut luonnolliset ilman liuskoja käytettävät zero waste vahahelmet, jolla saat ammattimaisen lopputuloksen. Poistaa jopa 2-5mm karvat. Ainutlaatuinen vain 5 raaka-aineen koostumus sisältää männynpihkaa ja luonnollista mehiläisvahaa, jotka ovat erityisen tehokkaita lyhyiden karvojen poistossa. Risiiniöljy ravitsee ja pehmentää ihoa. Ammattimainen karvanpoisto täysin jätteettömästi!"
Madara METAMORPHOSE Hydra Rescue huulivoide 4.5g," €13,90",//cdn.shopify.com/s/files/1/0269/0029/9824/products/Madara-METAMORPHOSE-Hydra-Rescue-huulivoide-4.5g_100x.jpg?v=1634736680,"Madara METAMORPHOSE Hydra Rescue huulivoide uudistaa ja kosteuttaa kuivuudesta kärsiviä huulia. Sisältää rauhoittavaa bisabololia sekä tyrnin- ja mustikansiemenöljyjä. Tekee huulista pehmeät, täyteläiset ja antaa niille pitkäaikaista suojaa."
Madara METAMORPHOSE Hydra Firm geeli 75ml," €34,90",//cdn.shopify.com/s/files/1/0269/0029/9824/products/Madara-METAMORPHOSE-Hydra-Firm-geeli-75ml_100x.jpg?v=1634736156,"Madara METAMORPHOSE Hydra Firm geeli on ylellinen, tehokosteuttava seerumi. Öljytön seerumi sisältää monimolekyylistä hyaluronihappoa. Tekee ihosta raikkaan ja hehkuvan sekä nuorekkaamman ja kiinteämmän näköisen. Seerumi auttaa lukitsemaan kosteutta ihoon. Lopputuloksena syväkosteutettu, miellyttävän tuntuinen iho, joka on pehmeä ja joustava. Tämä seerumi sopii etenkin kuivalle, ikääntyvälle ja ongelmaiholle."
Frantsila Anti-Pollution Facial Serum 30 ml," €39,00",//cdn.shopify.com/s/files/1/0269/0029/9824/products/Frantsila_Anti_Pollution_Facial_Serum_LR_100x.jpg?v=1670846202,"Frantsila Anti-Pollution Facial Serum on kosteuttava seerumi. Se pitää ihon kirkkaana ja kimmoisana suojaten ihoa ilmansaasteilta ja muilta ympäristön rasitteilta. Ceylonin moringaöljy toimii kosteusvaippana ihon pinnalla ja ehkäisee ilman epäpuhtauksien ja haitallisten hiukkasten imeytymistä ihoon. Lisäksi seerumissa on antioksidanttirikkaita mustikka- ja ratamouutteita, jotka neutraloivat vapaiden radikaalien haittavaikutuksia. Fenkolin, basilikan, ylang ylangin ja santelipuun eteeriset öljyt rauhoittavat ihon tulehdustiloja. Kylmäpuristetut vadelma- ja jojobaöljyt ravitsevat ihoa ja toimivat luonnollisena aurinkosuojan perustana. "
Laponie of Scandinavia Brightening Treatment Kirkastava hoitoseerumi 20 ml," €39,00",//cdn.shopify.com/s/files/1/0269/0029/9824/products/Laponie-of-Scandinavia-Brightening-Treatment-Kirkastava-hoitoseerumi-20-ml_100x.jpg?v=1644240406,"Brightening Treatment, eli kirkastava seerumi, on ravitseva mutta kevyt seerumi, joka kirkastaa hellävaraisesti herkkää ja ongelmaihoa. Bakuchiol tasoittaa ihon sävyä ja hoitaa samalla epäpuhtauksia, kuitenkaan ärsyttämättä ihoa. Arganöljy ja kasviperäinen glyseriini hoitavat ja kosteuttavat sameaa ja kuivaa ihoa, ja bisabolol rauhoittaa.Tiesitkö? Bakuchiol, joka on johdettu psoralea corylifolia -kasvin siemenistä, on todellinen herkän ja ongelmaihon monitoimiraaka-aine. Se tekee ihmeitä pigmenttimuutoksille mutta myös juonteille, tukkoiselle iholle ja epäpuhtauksille ihoa ärsyttämättä."
Puhdistamo Elektrolyyttijauhe Metsän marjat 120g," €14,90",//cdn.shopify.com/s/files/1/0269/0029/9824/products/Puhdistamo-Elektrolyyttijauhe-Metsan-marjat-120g_100x.jpg?v=1633427473,"Puhdistamo Elektrolyyttijauhe Metsän marjat on täydellinen kaveri urheiluun sekä ketogeenisen ruokavalion tueksi. Herkullisen makuinen tehonesteyttäjä auttaa pitämään yllä tarpeellisten elektrolyyttien tasapainoa elimistössämme. Sisältää keskeisimpien elektrolyyttien lisäksi guerande merisuolaa, C-vitamiinia sekä OptiMSM:ää, orgaanista rikkiä (OptiMSM). "
Puhdistamo Premium Viherjauhe 120g," €14,90",//cdn.shopify.com/s/files/1/0269/0029/9824/products/Premium-Viherjauhe-_-maitohappobakteeri_700x_8aa1b5e4-8346-4a07-92fd-1361e755fca3_100x.webp?v=1656927654,Puhdistamo Premium Viherjauhe on markkinoiden monipuolisin viherjauhesekoitus. Samasta purkista löydät ravinnerikkaat viherjauheet ja korkealuokkaiset maitohappobakteerit. Viherjauheessa on mintunraikas maku ja maailman puhtaimmat viherjauheet. Ei kiinalaisia raaka-aineita! Maitohappobakteerina on käytetty erittäin tehokasta itiömuotoista Lactospore®maitohappobakteeria (Bacillus coagulans MTCC 5856).
Puhdistamo Kollageeni Beauty," €11,90",//cdn.shopify.com/s/files/1/0269/0029/9824/products/Puhdistamo-Kollageeni-Beauty_100x.jpg?v=1633513771,"Puhdistamo Kollageeni Beauty on toteutettu erittäin harkituilla resepteillä mahdollisimman kokonaisvaltaisten kollageenituotteiden saavuttamiseksi. Kollageeni Beauty on erittäin korkealuokkainen käyttövalmis smoothiesekoitus, josta saadaan kollageenin hyödyt helposti ja herkullisesti ilman makeutusaineita."
Puhdistamo Elektrolyyttijauhe Ananas 120g," €14,90",//cdn.shopify.com/s/files/1/0269/0029/9824/products/Puhdistamo-Elektrolyyttijauhe-Ananas-120g_68e3fb7d-e545-4806-94bb-312b79acb863_100x.jpg?v=1661167175,"Puhdistamo Elektrolyyttijauhe Ananas on herkullisen makuinen tehonesteyttäjä. Täydellinen tuote urheiluun sekä ketogeenisen ruokavalion tueksi. Sisältää keskeisimpien elektrolyyttien lisäksi guerande merisuolaa, C-vitamiinia sekä OptiMSM:ää, orgaanista rikkiä (OptiMSM)."
Puhdistamo Chia-siemenet 500g," €6,90",//cdn.shopify.com/s/files/1/0269/0029/9824/products/Puhdistamo-Chia-siemenet-500g_100x.jpg?v=1633426043,"Puhdistamon Chia-siemenet pursuavat kaikkea hyvää, kuten omega 3-rasvahappoja, proteiinia, kuituja ja vielä kaiken lisäksi magnesiumia ja kalsiumia. Chia-siemenet ovat vatsaystävällisiä ja äärimmäisen monipuolisia käyttää esimerkiksi smoothieissa, välipaloissa ja jälkiruoissa."
Puhdistamo Super Complex B-vitamiini 30 kapselia," €14,90",//cdn.shopify.com/s/files/1/0269/0029/9824/products/Puhdistamo-Super-Complex-B-Vitamiini-30-Kaps_100x.jpg?v=1667909740,"Puhdistamon Super Complex B-vitamiini on huippulaadukas B-vitamiinivalmiste, joka on kehitetty Suomessa ilman minkäänlaisia kompromisseja. Se on vahva ja ainutlaatuinen yhdistelmä huipputehokkaasti imeytyviä aktiivisia B-vitamiinien muotoja. Tuote auttaa vähentämään väsymystä ja uupumusta."
Puhdistamo Elektrolyyttijauhe Sitruuna lime 120g," €14,90",//cdn.shopify.com/s/files/1/0269/0029/9824/products/Puhdistamo-Elektrolyyttijauhe-Sitruuna-lime-120g_100x.jpg?v=1633425540,"Puhdistamo Elektrolyyttijauhe Sitruuna lime on herkullisen makuinen tehonesteyttäjä. Täydellinen tuote urheiluun sekä ketogeenisen ruokavalion tueksi. Elektrolyyttijuomajauhe auttaa pitämään yllä tarpeellisten elektrolyyttien tasapainoa elimistössämme.  Se sisältää keskeisimpien elektrolyyttien lisäksi guerande merisuolaa, C-vitamiinia sekä OptiMSM:ää, orgaanista rikkiä (OptiMSM). "
Puhdistamo Luomu Kombucha - Cola 370ml," €3,30",//cdn.shopify.com/s/files/1/0269/0029/9824/products/Puhdistamo-Luomu-Kombucha-Cola_100x.jpg?v=1667909863,"Puhdistamo Luomu Kombucha - Cola on perinteinen vihreästä teestä hapattamalla valmistettu juoma, joka sisältää maitohappobakteereja. Herkullisen pirkskahteleva kuplajuoma sopii niin ruokajuomaksi, janojuomaksi ja erinomaisesti myös juhlallisempiinkin tilaisuuksiin! Kombuchaa on valmistettu jo vuosituhansia, mutta vasta viime vuosina siitä on tullut suosittua ympäri maailman.Puhdistamon Kombuchassa ei ole laadusta tingitty. Mahdollisimman puhdas, suodatettu vesi, vihreä tee, sokeri ja elävä Kombucha viljelmä hellivät vatsaa. Viljelmä on yhdistelmä hiivoja ja maitohappobakteereja, jotka käyttävät juoman sokereita ja ravinteita hyödykseen. Tämän korkealaatuisen juoman valmistamiseen on käytetty aikaa ja rakkautta noin neljä viikkoa. Kokeile Kombuchaa aamulla tyhjään vatsaan tai ennen ruokailua ja huomaa vaikutus ruoansulatukseen ja aterian jälkeiseen olotilaan.Kokeile myös muita makuja: aito Perinteinen, raikas Inkivääri&Sitruuna, maukas vadelma sekä uutuusmaku Persikka!"
Puhdistamo Neitsytkookosöljy Luomu 250ml," €4,90",//cdn.shopify.com/s/files/1/0269/0029/9824/products/Puhdistamo-Extra-Neitsyt-Kookosoljy-250-ml_100x.jpg?v=1667909835,"Puhdistamon luomukookosöljyssä taatusti maistat laadun! Poikkeuksellisen raikas maku saavutetaan, kun filippiiniläistä neitsytkookospähkinän hedelmälihaa puristetaan hellävaraisesti mekaanisella kylmämenetelmällä. Hellävarainen valmistusmenetelmä takaa sen, että kookosöljyn luonnolliset ravintoaineet sekä aromit säilyvät parhaalla mahdollisella tavalla. Kylmäpuristettu neitsytkookosöljy sisältää jopa yli 90% raakoja, saturoituja rasvahappoja."
Puhdistamo Super Complex B-vitamiini 60 kapselia," €24,90",//cdn.shopify.com/s/files/1/0269/0029/9824/products/Puhdistamo_Super_Complex_B_Vitamiini_60_Kaps_LR_100x.jpg?v=1673335843,"Puhdistamon Super Complex B-vitamiini on huippulaadukas B-vitamiinivalmiste, joka on kehitetty Suomessa ilman minkäänlaisia kompromisseja. Se on vahva ja ainutlaatuinen yhdistelmä huipputehokkaasti imeytyviä aktiivisia B-vitamiinien muotoja. Tuote auttaa vähentämään väsymystä ja uupumusta."
Puhdistamo MCT-öljy 250 ml," €8,90",//cdn.shopify.com/s/files/1/0269/0029/9824/products/Puhdistamo-MCT-oljy-250-ml_100x.jpg?v=1633424652,"Puhdistamon MCT-öljy on 100% kookosöljystä valmistettu, keskipitkiä rasvahappoja (Medium Chain Triglycerides = MCT) sisältävä korkealaatuinen fraktioitu öljy. Puhdistamon MCT-öljy sisältää 60% kapryylihappoa (C8) sekä 40% kapriinihappoa (C10)."
"Puhdistamo Super Omega-3, 60 kapselia"," €19,90",//cdn.shopify.com/s/files/1/0269/0029/9824/products/Puhdistamo-Super-Omega-3-60-Kaps_100x.jpg?v=1667909939,"Puhdistamon Super Omega-3 on uuden sukupolven omega-3! Super Omega-3 on ainutlaatuinen valmiste markkinoilla ja tarjoaa mahdollisuuden nauttia omega-3-rasvahapoista yhtä luonnollisessa muodossa kuin ne ovat ruoka-aineissa ilman lisä- tai täyteaineita. Omegat ovat fosfolipidi-muodossa eli niillä on ainutlaatuisen ylivoimainen imeytyvyys ja biosaatavuus, ja onkin verrattavissa siihen jos söisi kokonaista kalaa ja saisi omegat suoraan sieltä. Fosfolipidi-muoto mahdollistaa ainutlaatuisen imeytyvyyden ansiosta myös omegan todellisten ja kokonaisvaltaisten hyötyjen saamisen. Tätä luonnollisempaa omega-3-valmistetta ei markkinoilla ole!"
"Puhdistamo Tripla Magnesium, 120 kapselia"," €19,90",//cdn.shopify.com/s/files/1/0269/0029/9824/products/Puhdistamo-Tripla-Magnesium_-120-kapselia_100x.jpg?v=1633424155,"Puhdistamon Tripla Magnesium sisältää kolmea korkealaatuista magnesiumin muotoa: magnesiummalaattia, -glysinaattia ja -tauraattia tasapainoisena yhdistelmänä. Magnesium edistää muun muassa lihasten toimintaa, proteiinisynteesiä, energia-aineenvaihduntaa ja vahvistaa luustoa. Tripla Magnesium on tavanomaista magnesiumia hellävaraisempi vatsalle ja imeytyy erinomaisesti.Vegaaninen tuote. Kehitetty ja valmistettu Suomessa."
Puhdistamo Luomu Kombucha - Persikka 370 ml," €3,30",//cdn.shopify.com/s/files/1/0269/0029/9824/products/Puhdistamo-Luomu-Kombucha---Persikka-370-ml_100x.jpg?v=1633423856,"Puhdistamo Luomu Kombucha - Persikka on pirteä kuplajuoma arkeen ja juhlaan! Kombuchalla on vuosituhansia pitkä historia, mutta se on vasta viime vuosina noussut supersuosituksi ympäri maailman. Vihreästä teestä hapattamalla valmistettu juoma sisältää maitohappobakteereja."
Puhdistamo Kombucha - Inkivääri & Sitruuna 370 ml," €3,30",//cdn.shopify.com/s/files/1/0269/0029/9824/products/Puhdistamo-Luomu-Kombucha-Inkivaari-Sitruuna_100x.jpg?v=1667909885,"Kombucha on perinteinen, vihreästä teestä hapattamalla valmistettu juoma, joka sisältää maitohappobakteereja. Maitohappobakteerijuomalla eli Kombuchalla on vuosituhansia pitkä historia, mutta se on vasta viime vuosina noussut supersuosituksi ympäri maailman."
Puhdistamo Luomu Kombucha - Vadelma 370ml," €3,30",//cdn.shopify.com/s/files/1/0269/0029/9824/products/Puhdistamo-Luomu-Kombucha-Vadelma_100x.jpg?v=1667909901,"Puhdistamo Luomu Kombucha - Vadelma on perinteinen vihreästä teestä hapattamalla valmistettu juoma, joka sisältää maitohappobakteereja. Herkullisen pirkskahteleva kuplajuoma sopii niin ruokajuomaksi, janojuomaksi ja erinomaisesti myös juhlallisempiinkin tilaisuuksiin! Kombuchaa on valmistettu jo vuosituhansia, mutta vasta viime vuosina siitä on tullut suosittua ympäri maailman."
Puhdistamo Tripla Sinkki 60 kapselia," €11,90",//cdn.shopify.com/s/files/1/0269/0029/9824/products/Puhdistamo-Tripla-Sinkki-C-Vitamiini_100x.jpg?v=1667909778,"Puhdistamo Tripla Sinkki on kokonaisvaltainen ja huippulaadukas sinkkivalmiste, joka sisältää sinkkiä kolmessa parhaiden imeytyvässä muodossa: sinkkipikolinaatti, -bisglysinaatti ja -monometioniini. Yhdistettynä imeytyvyyttä edesauttaviin vapaisiin aminohappoihin ja viimeisenä silauksena lisäsimme mukaan vielä C-vitamiinia, joka imeytyvyyden edistämisen lisäksi tukee sinkin vaikutusta immuniteettiin. Puhdistamon Tripla Sinkki sisältää myös harvinaista B6-vitamiinin aktiivista koentsyymimuotoa, P5P:tä, eli pyridoksaali-5-fosfaattia. P5P parantaa muun muassa sinkin käyttöä elimistössämme ja stimuloi pikoliinihapon tuotantoa, mikä edistää sinkin imeytymistä erinomaisesti. Tuotteessa on P5P:tä 2 mg / kapseli."
